DENSITY_EMPTY_CELLS;TIME_MAP;TIME_SORT;TIME_COLOR;TIME_SUM;NUM_ITER
0.990042508;615.9356217859313;0.5729516719002277;0.02155489893630147;616.5301283567678;3999
0.990012527;611.4583427649923;0.4815044079441577;0.054236127994954586;611.9940833009314;3999
0.989995241;615.7052332630847;0.4750551600009203;0.046518821036443114;616.226807244122;3999
0.989983737;621.8816026900895;0.5273067229427397;0.10163467703387141;622.5105440900661;3999
0.989929259;611.7236871689092;0.4898335440084338;0.0616209430154413;612.2751416559331;3999
0.980062723;618.2441381081007;0.5142357009463012;0.08548002108000219;618.843853830127;3999
0.979998767;629.2404715309385;0.5154184109997004;0.09009306808002293;629.8459830100182;3999
0.97998172;620.0254381850827;0.5407439928967506;0.11221134895458817;620.6783935269341;3999
0.979973495;611.0208314401098;0.5434415910858661;0.11343203601427376;611.6777050672099;3999
0.979843259;614.5815682390239;0.47739597992040217;0.04836959391832352;615.1073338128626;3999
0.970034242;628.3115876358934;0.5828468019608408;0.03135937196202576;628.9257938098162;3999
0.970019758;620.8511930129025;0.49377223988994956;0.06595701305195689;621.4109222658444;3999
0.969978273;614.9135358668864;0.554062430979684;0.12646039994433522;615.5940586978104;3999
0.969963014;623.6640093449969;0.558048936072737;0.12878535501658916;624.3508436360862;3999
0.969881475;625.3286014450714;0.46972155291587114;0.04424843890592456;625.8425714368932;3999
0.960128725;631.8405761308968;0.4929226760286838;0.06524743395857513;632.3987462408841;3999
0.96001327;626.0644564940594;0.46274867793545127;0.03487286809831858;626.5620780400932;3999
0.959994972;620.0042984778993;0.5215253520291299;0.09149433206766844;620.6173181619961;3999
0.959971488;611.4647547609638;0.48405017890036106;0.054229686968028545;612.0030346268322;3999
0.959967494;624.8329892570619;0.475948320934549;0.04577054805122316;625.3547081260476;3999
0.950103223;624.4356210490223;0.576827930053696;0.023270925972610712;625.0357199050486;3999
0.950024009;623.32512769592;0.47112233005464077;0.041667236015200615;623.8379172619898;3999
0.949997485;625.533127293922;0.5596066489815712;0.1309129900764674;626.22364693298;3999
0.949994266;628.0753807949368;0.4639691619668156;0.03735610889270902;628.5767060657963;3999
0.949950993;617.5574677190743;0.5833152260165662;0.027634932892397046;618.1684178779833;3999
0.940115273;618.4680613989476;0.4882583438884467;0.0575371019076556;619.0138568447437;3999
0.940080762;625.2748908121139;0.5479072139132768;0.11825579893775284;625.9410538249649;3999
0.940041721;614.999628504971;0.5180944299791008;0.08651763293892145;615.6042405678891;3999
0.93997997;622.2022762759589;0.4804593720473349;0.04955731192603707;622.7322929599322;3999
0.939897478;614.769037026912;0.5412383018992841;0.11185221606865525;615.4221275448799;3999
0.930116236;630.6214199769311;0.5204340310301632;0.09186065406538546;631.2337146620266;3999
0.930066526;616.7762915568892;0.5478608559351414;0.11604246008209884;617.4401948729064;3999
0.930028975;622.9455951319542;0.4654239409137517;0.03461465402506292;623.445633726893;3999
0.929962516;626.4768077700865;0.49653900298289955;0.06745413597673178;627.0408009090461;3999
0.929961741;618.892123546917;0.535238458076492;0.10271150292828679;619.5300735079218;3999
0.920156777;636.6100491450634;0.502049587899819;0.07380036707036197;637.1858991000336;3999
0.920056224;621.8494106170256;0.49682888109236956;0.06481846491806209;622.411057963036;3999
0.920054495;624.0357126221061;0.562712674960494;0.0054051370825618505;624.6038304341491;3999
0.920012236;614.0156259119976;0.5435030569788069;0.11050664307549596;614.6696356120519;3998
0.91988349;635.0770050908905;0.4766974460799247;0.047005727887153625;635.6007082648575;3999
0.910211265;634.1938088359311;0.47213879507035017;0.042069744085893035;634.7080173750874;3999
0.910105526;621.1049855549354;0.5076346530113369;0.07606012094765902;621.6886803288944;3999
0.910036981;635.1576659870334;0.5619788349140435;0.133065473055467;635.8527102950029;3998
0.90994978;622.3470143899322;0.4993636370636523;0.0670462679117918;622.9134242949076;3999
0.909867227;626.4140901910141;0.5648507981095463;0.008719044970348477;626.987660034094;3999
0.900214732;624.1133469170891;0.5169654949568212;0.08462091395631433;624.7149333260022;3999
0.90011853;619.0134098539129;0.544502099044621;0.11177206900902092;619.6696840219665;3999
0.900039971;629.2143532340415;0.49253156897611916;0.061476608039811254;629.7683614110574;3998
0.900013268;622.6465547420084;0.5499892579391599;0.1189456160645932;623.3154896160122;3998
0.899909496;621.5875106579624;0.4873305100481957;0.0543204490095377;622.1291616170201;3999
0.890217245;643.5296781728975;0.5619167119730264;0.13149975007399917;644.2230946349446;3999
0.890161753;624.4681045429315;0.49732720688916743;0.06560053094290197;625.0310322807636;3999
0.890021026;626.4701758609153;0.5051085141021758;0.07167112710885704;627.0469555021264;3998
0.889928758;628.4135937909596;0.5677738511003554;0.008147635031491518;628.9895152770914;3997
0.889852524;638.334412994096;0.4955331920646131;0.06362337688915431;638.8935695630498;3999
0.880238235;640.6490734259132;0.554326226003468;0.1229959730990231;641.3263956250157;3998
0.880160272;626.071840967983;0.47837775899097323;0.04380652401596308;626.59402525099;3999
0.879969001;634.3324214660097;0.4893744569271803;0.05847499403171241;634.8802709169686;3998
0.879938006;625.1346197410021;0.5443885640706867;0.10896539990790188;625.7879737049807;3997
0.879909992;624.2527526819613;0.5361568909138441;0.10247595002874732;624.8913855229039;3999
0.870241761;628.8717585550621;0.5336449800524861;0.09943417902104557;629.5048377141356;3998
0.870148778;623.8129931678995;0.4736793290358037;0.037821434903889894;624.3244939318392;3999
0.870036483;624.6181917788927;0.5312314399052411;0.09663238190114498;625.246055600699;3998
0.869979978;634.6429653200321;0.5526003779377788;0.11867517791688442;635.3142408758868;3999
0.869952023;642.2234010430984;0.5085941429715604;0.07648422801867127;642.8084794140887;3997
0.860279024;636.0035573870409;0.5424297680146992;0.10814582905732095;636.654132984113;3998
0.860156238;633.2297438350506;0.5137935939710587;0.07914159097708762;633.8226790199988;3999
0.86002177;637.5349166209344;0.5718246009200811;0.012750507099553943;638.119491728954;3999
0.86001575;634.3046843870543;0.5982649619691074;0.03903478989377618;634.9419841389172;3997
0.859965742;631.8647662471049;0.5335288050118834;0.09898965596221387;632.497284708079;3998
0.850393772;635.2913974889088;0.591883301967755;0.03202029294334352;635.9153010838199;3998
0.850075722;644.7865982290823;0.5779136570636183;0.01806933805346489;645.3825812241994;3999
0.850048721;640.0031371850055;0.5505247740074992;0.11670745792798698;640.670369416941;3999
0.850009263;633.7570961089805;0.5510197510011494;0.11512687103822827;634.4232427310199;3997
0.849954247;638.9956823189277;0.5370796550996602;0.10185149894095957;639.6346134729683;3998
0.840453267;649.9319291571155;0.6084592030383646;0.05287608108483255;650.5932644412387;3998
0.840074003;636.454326933017;0.4995142170228064;0.06370398588478565;637.0175451359246;3999
0.840039492;639.1592573958915;0.5844267250504345;0.025175645016133785;639.768859765958;3999
0.840022743;638.5346255090553;0.5817161239683628;0.020930853905156255;639.1372724869289;3997
0.839848995;639.254148788983;0.5496328419540077;0.11514056194573641;639.9189221928827;3998
0.830411255;648.182936578989;0.6027714279480278;0.0445323649328202;648.8302403718699;3998
0.830059767;642.2888087648898;0.5870275469496846;0.028772548073902726;642.9046088599134;3997
0.830043018;640.3026229129173;0.5981095610186458;0.03651170409284532;640.9372441780288;3999
0.830015779;640.3032495919615;0.6120577158872038;0.05106800491921604;640.9663753127679;3999
0.829871237;641.7719523180276;0.5668430849909782;0.00617085793055594;642.3449662609491;3998
0.820377529;644.8046211320907;0.6146572169382125;0.05850363988429308;645.4777819889132;3998
0.820105731;640.7186805119272;0.5188646819442511;0.08348832209594548;641.3210335159674;3997
0.820032775;648.0343767919112;0.5907946471124887;0.03071433096192777;648.6558857699856;3999
0.820026278;643.0799334980547;0.5047939200885594;0.0694058199878782;643.6541332381312;3999
0.819939017;645.6879346750211;0.4953744700178504;0.06083835498429835;646.2441475000232;3998
0.810356021;646.4386306789238;0.4986913350876421;0.06254565389826894;646.9998676679097;3998
0.810119748;656.0656635370106;0.4997597080655396;0.06464347802102566;656.6300667230971;3997
0.810032487;633.67550557293;0.6028053669724613;0.03907616110518575;634.3173871010076;3999
0.810019493;647.548991296906;0.6089198070112616;0.04735809192061424;648.2052691958379;3999
0.809988737;643.7062488009688;0.5157690199557692;0.08033454697579145;644.3023523679003;3998
0.800362229;637.7017443920486;0.5095433699898422;0.07167209591716528;638.2829598579556;3998
0.800170243;644.1253703010734;0.5589460770133883;0.12148674391210079;644.8058031219989;3997
0.800066233;642.8176036190707;0.5060024459380656;0.06959952507168055;643.3932055900805;3992
0.800037026;642.1733764770906;0.6083658561110497;0.04535932093858719;642.8271016541403;3998
0.800009727;644.2850958011113;0.601912439102307;0.040112928953021765;644.9271211691666;3999
0.790416241;650.514852819033;0.5791712729260325;0.017552997916936874;651.1115770898759;3998
0.790132523;646.4873614080716;0.5545788600575179;0.11653207009658217;647.1584723382257;3997
0.790105224;645.2466005589813;0.568829441908747;0.005370021099224687;645.8208000219893;3992
0.790084004;652.8521636310034;0.5500500809866935;0.11475851805880666;653.5169722300489;3998
0.790019989;654.3660762840882;0.5543838769663125;0.11998290102928877;655.0404430620838;3999
0.780392766;648.82439767709;0.5175552230793983;0.07991103292442858;649.4218639330938;4000
0.780194521;651.021192335058;0.5922917530406266;0.03065985511057079;651.6441439432092;3997
0.780134499;648.6217498409096;0.5711437601130456;0.006764960940927267;649.1996585619636;3998
0.780090988;648.0905785509385;0.5449342709034681;0.10626811697147787;648.7417809388135;3992
0.779973984;646.9150691588875;0.606867470080033;0.044899197993800044;647.5668358269613;3999
0.770381987;649.6148944341112;0.5646920369472355;0.0018200809136033058;650.181406551972;4000
0.770182252;649.8210994529072;0.5174878139514476;0.07806646404787898;650.4166537309065;3997
0.770108223;648.1716033869889;0.6195857010316104;0.05633843597024679;648.8475275239907;3992
0.770100474;649.8068882469088;0.6348379789851606;0.07029342092573643;650.5120196468197;3998
0.769847989;652.8178794020787;0.5179970879107714;0.08102933596819639;653.4169058259577;3999
0.760385513;651.2988739858847;0.6241232710890472;0.059447033097967505;651.9824442900717;4000
0.760111272;651.9480124700349;0.5356954250019044;0.09691982506774366;652.5806277201045;3997
0.760064721;648.6235802089795;0.5824329860042781;0.017313742078840733;649.2233269370627;3998
0.760059237;652.5812683010008;0.5450216720346361;0.10532054700888693;653.2316105200443;3992
0.759846985;653.59642360406;0.555154592031613;0.11661442904733121;654.2681926251389;3999
0.750362992;653.3811542410403;0.5979357839096338;0.03327893209643662;654.0123689570464;3994
0.750101984;653.4109150979202;0.623478553025052;0.060423983028158545;654.0948176339734;3998
0.750045478;650.8479956309311;0.5628361590206623;0.0;651.4108317899518;3997
0.750003994;657.1725554689765;0.6355685419403017;0.07209192309528589;657.8802159340121;3995
0.749906242;649.362822871888;0.5793797830119729;0.01328081893734634;649.9554834738374;3999
0.740403771;657.5877361579333;0.5578351439908147;0.120054628001526;658.2656259299256;3996
0.740133226;656.8723948549014;0.5926327970810235;0.02761499909684062;657.4926426510792;3998
0.740072012;655.3613072820008;0.5796810858882964;0.014473604038357735;655.9554619719274;4000
0.739992976;654.850838579936;0.5654385751113296;0.00033781910315155983;655.4166149741504;4000
0.739938259;654.9776311579626;0.573873806046322;0.008791156113147736;655.5602961201221;3995
0.730411232;652.0636252150871;0.5465498568955809;0.10547156096436083;652.715646632947;3996
0.730180025;656.4880426630843;0.5848914680536836;0.019421624951064587;657.0923557560891;4000
0.730133474;656.7744018989615;0.6184589450713247;0.05382021889090538;657.4466810629237;4000
0.730104268;658.3306386598852;0.5545771420001984;0.11773181590251625;659.0029476177879;4000
0.729971528;652.9379907429684;0.5412161280401051;0.09960887394845486;653.578815744957;3995
0.720476508;655.9947424500715;0.5976778680924326;0.031627563992515206;656.6240478821564;3998
0.720155001;659.1704707879107;0.6562410220503807;0.09321513609029353;659.9199269460514;4000
0.720115006;659.3454340361059;0.5768705289810896;0.010666026966646314;659.9329705920536;4000
0.720076978;653.6032788399607;0.5788876439910382;0.012425605906173587;654.1945920898579;4000
0.720012486;655.6399115789682;0.6068493379279971;0.04067657492123544;656.2874374918174;3995
0.710465729;655.2712367810309;0.6375786100979894;0.0711384559981525;655.979953847127;4000
0.710116982;654.994472221937;0.6112297859508544;0.04287892207503319;655.6485809299629;4000
0.710098982;663.4853899748996;0.6006622998975217;0.03434061701409519;664.1203928918112;4000
0.710071981;655.4324024769012;0.6746229899581522;0.1074697240255773;656.2144951908849;3997
0.709995747;655.5927186328918;0.5853205290623009;0.016836821101605892;656.1948759830557;4000
0.700465024;652.3226369388867;0.5640346480067819;0.0;652.8866715868935;3977
0.700244009;662.6942003269214;0.5562546339351684;0.11404499504715204;663.3644999559037;4000
0.700115979;656.7731692721136;0.6422975829336792;0.07382192695513368;657.4892887820024;4000
0.700047016;658.8639870579354;0.6015357109718025;0.0336409630253911;659.4991637319326;4000
0.699967265;665.3740351840388;0.6169971108902246;0.051259278086945415;666.042291573016;4000
0.690466762;657.8789182649925;0.6309237610548735;0.0627261649351567;658.5725681909826;3998
0.690241516;652.6243649760727;0.6239215158857405;0.0550721469335258;653.303358638892;4000
0.690086246;667.7695430300664;0.6476319800131023;0.08468956407159567;668.5018645741511;4000
0.690054774;659.4199144330341;0.6669202221091837;0.09874767600558698;660.1855823311489;4000
0.689981997;660.1874183139298;0.6876213999930769;0.0;660.8750397139229;4000
0.680458724;661.5989459101111;0.601842928910628;0.033493994968011975;662.2342828339897;4000
0.680271268;667.0063713539857;0.6366654930170625;0.06947291688993573;667.7125097638927;4000
0.680104017;661.5091009919997;0.6385726970620453;0.06987928505986929;662.2175529741216;4000
0.680083275;663.8360707981046;0.5933325861115009;0.023837541928514838;664.4532409261446;4000
0.679954529;661.027387436945;0.6591128169093281;0.09279354196041822;661.7792937958147;4000
0.670484722;664.9972724139225;0.632296574069187;0.06367514608427882;665.6932441340759;4000
0.670210242;659.903170986101;0.6648439199198037;0.09646086907014251;660.664475775091;4000
0.67014277;666.0643026670441;0.576336266938597;0.0067562139593064785;666.647395147942;4000
0.670126259;661.3237328839023;0.5884710429236293;0.01932189497165382;661.9315258217975;4000
0.669922233;663.6606111519504;0.6718053331132978;0.10204943199642003;664.4344659170602;4000
0.660471499;666.4389149930794;0.5927629061043262;0.0234386189840734;667.0551165181678;4000
0.660196006;673.3964213759173;0.6756265829317272;0.1063814009539783;674.178429359803;4000
0.66016525;669.1700596229639;0.7031473850365728;0.011673175962641835;669.8848801839631;4000
0.660076022;667.5618966869079;0.7166405729949474;0.023006351897493005;668.3015436118003;4000
0.659952521;674.5459447728936;0.7047990099526942;0.01186438393779099;675.262608166784;4000
0.650468767;656.9059424709994;0.695568511961028;0.001564000966027379;657.6030749839265;4000
0.650184751;670.9876517560333;0.6470932320225984;0.07864827988669276;671.7133932679426;4000
0.65017873;663.4886726839468;0.6458508500363678;0.07733429688960314;664.2118578308728;4000
0.650035024;668.1823794320226;0.7248988710343838;0.03068973310291767;668.9379680361599;4000
0.649918973;666.4348831290845;0.6967007780913264;0.0021830720361322165;667.1337669792119;4000
0.640488267;658.5277297589928;0.690863830037415;0.0;659.2185935890302;4000
0.640203774;672.7038554609753;0.6400306830182672;0.07041506096720695;673.4143012049608;4000
0.640190005;661.075113578001;0.6163106190506369;0.045790882082656026;661.7372150791343;4000
0.640068233;671.7105143980589;0.5999096459709108;0.032638028962537646;672.3430620729923;4000
0.63993752;663.2203706279397;0.6350259229075164;0.06509704608470201;663.9204935969319;4000
0.630564511;672.3903800379485;0.6910454221069813;0.0;673.0814254600555;4000
0.630235732;654.1159198579844;0.6742262430489063;0.10257007088512182;654.8927161719184;4000
0.630143523;674.0902914050967;0.6353760070633143;0.0649160339962691;674.7905834461562;4000
0.630115747;663.5290114639793;0.7107202620245516;0.016733698081225157;664.256465424085;4000
0.62995249;673.150895430008;0.703627445967868;0.008867735974490643;673.8633906119503;4000
0.62054199;657.6252339389175;0.6829969279933721;0.11210231110453606;658.4203331780154;4000
0.620289028;660.9811703469604;0.6608039780985564;0.08872829307802022;661.730702618137;4000
0.620091736;675.4802020650823;0.6703448190819472;0.1010034941136837;676.2515503782779;4000
0.620064974;661.0007124741096;0.6858124339487404;0.11481919698417187;661.8013441050425;4000
0.619886756;658.4213809641078;0.7313155881129205;0.03438092605210841;659.1870774782728;4000
0.610531986;659.2675685610157;0.7107021429110318;0.013617075979709625;659.9918877799064;4000
0.61021024;673.0000889541116;0.7001553128939122;0.004429602064192295;673.7046738690697;4000
0.610097229;674.2317577560898;0.6803063270635903;0.10917740198783576;675.0212414851412;4000
0.610081255;671.9161687109154;0.7433584090322256;0.04781187395565212;672.7073389939032;4000
0.609915018;667.1057535249274;0.683513100957498;0.11182962008751929;667.9010962459724;4000
0.600489736;665.624708076939;0.6936020720750093;0.0;666.318310149014;4000
0.600200772;676.6398627099115;0.7169029649812728;0.022292038891464472;677.3790577137843;4000
0.600124776;676.7630469400901;0.7128834610339254;0.017751683946698904;677.4936820850708;4000
0.600053489;661.4251086320728;0.7456382180098444;0.04883475205861032;662.2195816021413;4000
0.599900007;670.3644594380166;0.6885638360399753;0.0;671.0530232740566;4000
0.590465248;667.9684965589549;0.6515262550674379;0.07935634790919721;668.6993791619316;4000
0.590268493;671.5192475409713;0.7004813030362129;0.006885726936161518;672.2266145709436;4000
0.590112984;478.5050328299403;0.7033399809151888;0.006792843108996749;479.2151656539645;2852
0.590097725;668.3470330359414;0.6675261810887605;0.09658656199462712;669.1111457790248;4000
0.589928985;666.7341661290266;0.6475290560629219;0.07657644711434841;667.4582716322038;4000
0.580410242;340.9062666310929;0.7547203509602696;0.05855159810744226;341.7195385801606;2030
0.580272973;269.23401545593515;0.709153383038938;0.011722042923793197;269.9548908818979;1606
0.580141246;335.76505642104894;0.7389468739274889;0.04334525903686881;336.5473485540133;1972
0.580022275;396.7047409340739;0.6801477719563991;0.10867505893111229;397.49356376496144;2357
0.579936266;309.3318062440958;0.647455289028585;0.07584614492952824;310.0551076780539;1862
0.570491731;196.93835949897766;0.6622073310427368;0.09234095993451774;197.69290778995492;1163
0.570249259;133.77386808698066;0.7523573709186167;0.057064441964030266;134.5832898998633;793
0.57020098;128.0907771110069;0.694285742007196;0.0;128.7850628530141;761
0.570084512;146.69101376389153;0.6703051619697362;0.09901159792207181;147.46033052378334;868
0.569894254;128.75841230805963;0.7405792151112109;0.04439457505941391;129.54338609823026;760
0.560374975;90.53389130602591;0.7480697128921747;0.051355049945414066;91.3333160688635;538
0.560227275;73.55779756908305;0.7710964870639145;0.07585591194219887;74.40474996808916;431
0.56015873;75.05623623193242;0.7629516639281064;0.06678566290065646;75.88597355876118;442
0.560118973;70.25046536908485;0.7238107060547918;0.027269735001027584;71.00154581014067;416
0.55986923;75.41105939610861;0.7537610940635204;0.05749517004005611;76.22231566021219;446
0.55043453;55.44985990598798;0.70247279596515;0.005308107007294893;56.15764080896042;329
0.550216734;72.60933708888479;0.7256571541074663;0.027793151093646884;73.3627873940859;432
0.550201774;66.01071845693514;0.7658880269154906;0.0688218220602721;66.8454283059109;391
0.550100267;54.86775825591758;0.7427876670844853;0.04657308990135789;55.65711901290342;324
0.549884737;77.72936312505044;0.7380726549308747;0.04097838304005563;78.50841416302137;459
0.540467262;47.26038209395483;0.7791411760263145;0.08156259311363101;48.12108586309478;280
0.540297508;56.749901714967564;0.731145947938785;0.03364212694577873;57.51468978985213;335
0.540157259;42.752194792963564;0.7475717419292778;0.050351951038464904;43.55011848593131;252
0.540139258;50.7236042979639;0.7237078719772398;0.02693234500475228;51.474244514945894;299
0.539927483;57.74043387500569;0.7394408679101616;0.04317919001914561;58.523053932935;337
0.530435503;41.081458094064146;0.7034641460049897;0.005517137004062533;41.7904393770732;245
0.530238748;33.23587135691196;0.7304802869912237;0.03294760105200112;33.99929924495518;197
0.530138016;40.58756832010113;0.6997503819875419;0.003231296082958579;41.29054999817163;240
0.530125022;40.24782604491338;0.7628999589942396;0.06518505490384996;41.07591105881147;236
0.529922724;41.60247816797346;0.7312968410551548;0.0337442581076175;42.36751926713623;246
0.520383775;36.47768539888784;0.7034220099449158;0.005309612024575472;37.186417020857334;215
0.520261228;30.649113669991493;0.8360090591013432;0.012358088977634907;31.49748081807047;184
0.520144999;39.7953058059793;0.8295573240611702;0.006048629060387611;40.630911759100854;238
0.520081758;31.92564275697805;0.8621055989060551;0.03904849290847778;32.82679684879258;188
0.519968987;33.82505888794549;0.7472838771063834;0.04927959502674639;34.62162236007862;202
0.510345221;25.202296044910327;0.7520319039467722;0.053009967086836696;26.007337915943936;151
0.510222256;28.96845566108823;0.7352477060630918;0.037222227081656456;29.740925594232976;170
0.510136247;36.95003305003047;0.7136054649017751;0.01566826901398599;37.67930678394623;218
0.510017753;31.01612225593999;0.7622002200223505;0.06350566493347287;31.841828140895814;183
0.510008276;25.513756656087935;0.7769245100207627;0.07889502006582916;26.369576186174527;150
0.500329733;24.19119141390547;0.6859435690566897;0.11335842101834714;24.99049340398051;142
0.50024128;25.315629611955956;0.6858659030403942;0.11206600698642433;26.113561521982774;149
0.50015223;30.934093094896525;0.8546759050805122;0.032581523060798645;31.821350523037836;181
0.500060976;21.55849441490136;0.8172557558864355;0.0;22.375750170787796;127
0.500054002;25.644097686978057;0.7925199929159135;0.09427990694530308;26.530897586839274;150
0.490301758;22.450392788043246;0.712788499891758;0.014417663915082812;23.177598951850086;132
0.490210742;22.046917299041525;0.8600957589223981;0.035896782064810395;22.942909840028733;130
0.490161508;19.678134941961616;0.8403049590997398;0.01660706102848053;20.535046962089837;116
0.490104258;24.039224517997354;0.839735243935138;0.015894775977358222;24.89485453790985;141
0.489984244;20.42715836595744;0.8421346959657967;0.018397782929241657;21.287690844852477;120
0.480287492;18.154698187019676;0.8406642719637603;0.016329078935086727;19.011691537918523;106
0.480206996;19.516393315047026;0.8238906739279628;0.0;20.34028398897499;115
0.480206251;16.878285557962954;0.8068874259479344;0.10734373098239303;17.79251671489328;100
0.480069757;22.48648146702908;0.7521131639368832;0.053188703022897243;23.29178333398886;132
0.479979008;20.481223719893023;0.7699595580343157;0.07129474193789065;21.32247801986523;120
0.470329493;16.039456493919715;0.8103743901010603;0.11058359593153;16.960414479952306;95
0.470288485;17.567463499028236;0.74170609889552;0.0424795679282397;18.351649165851995;103
0.470172495;18.489754847018048;0.7721013939008117;0.07212055404670537;19.333976794965565;109
0.47005251;22.317682531895116;0.7285044349264354;0.028747567906975746;23.074934534728527;132
0.469910502;17.935546763939783;0.8451261820737273;0.02063421905040741;18.801307165063918;105
0.460326254;16.157427618978545;0.834768600994721;0.009993178071454167;17.00218939804472;95
0.460256755;13.88051461498253;0.8061674160417169;0.10637631500139832;14.793058346025646;81
0.460219502;14.994130220962688;0.7901016979012638;0.08966275095008314;15.873894669814035;89
0.460027993;14.546121798921376;0.8372202489990741;0.011960580945014954;15.395302628865466;86
0.459859997;14.858645620988682;0.7871137540787458;0.08737627789378166;15.73313565296121;87
0.450233251;13.376545794075355;0.8157433110754937;0.0;14.192289105150849;79
0.450217485;16.140739728929475;0.8491775970906019;0.024312583031132817;17.01422990905121;95
0.450129986;15.109362526098266;0.8200832449365407;0.0;15.929445771034807;89
0.449935496;14.416551067028195;0.8557555470615625;0.0305542869027704;15.302860900992528;85
0.449860752;12.935739804059267;0.8715581349097192;0.04606056190095842;13.853358500869945;76
0.440209508;13.680703765945509;0.8641368169337511;0.03884454001672566;14.583685122895986;81
0.440193236;13.147518722107634;0.8360391741152853;0.010473056929185987;13.994030953152105;77
0.440077752;12.859203536063433;0.816673651104793;0.0;13.675877187168226;76
0.439888239;13.500853287056088;0.8057418160606176;0.10523911099880934;14.411834214115515;79
0.439865261;13.253774150973186;0.818450307007879;0.0;14.072224457981065;78
0.430152237;11.822738627903163;0.7731117939110845;0.07149687595665455;12.667347297770903;70
0.430070758;10.70562320202589;0.756968687986955;0.055825917981565;11.51841780799441;63
0.429957241;10.77784531796351;0.8459025779739022;0.019405534956604242;11.643153430894017;64
0.429946005;11.509197922889143;0.8003249249886721;0.099370347103104;12.40889319498092;68
0.429913998;10.970131729962304;0.7736612649168819;0.07235504011623561;11.816148034995422;65
0.420134991;11.837170720100403;0.7364205629564822;0.0351091749034822;12.608700457960367;70
0.420104504;8.653592973947525;0.8038930809125304;0.1023969950620085;9.559883049922064;51
0.419971496;10.801870437106118;0.8248249560128897;0.0;11.626695393119007;64
0.419824511;9.393364475108683;0.7883477238938212;0.08663040003739297;10.268342599039897;55
0.419774264;9.658552676904947;0.8127632620744407;0.0;10.471315938979387;57
0.410203993;9.391189933056012;0.8693065429106355;0.04275939706712961;10.303255873033777;55
0.41011849;8.571631975006312;0.7910559359006584;0.08898933394812047;9.451677244855091;51
0.409995764;10.894449207931757;0.8795864300336689;0.05274847708642483;11.82678411505185;64
0.40982151;9.209273224929348;0.8064079158939421;0.1042841849848628;10.119965325808153;55
0.409781247;8.64922437001951;0.8753305219579488;0.048833403969183564;9.573388295946643;51
0.400190741;9.275756100891158;0.8789111638907343;0.05154891102574766;10.20621617580764;55
0.400044501;8.678630830021575;0.9106707840692252;0.08381824288517237;9.673119856975973;51
0.399964511;10.444485258078203;0.8004112949129194;0.09766738791950047;11.342563940910622;62
0.399738759;7.976090197917074;0.8347119549289346;0.007427738979458809;8.818229891825467;47
0.399728239;9.087841263972223;0.8184757849667221;0.0;9.906317048938945;54
0.390162736;8.474113784031942;0.8333248510025442;0.005663078976795077;9.313101714011282;50
0.390031755;9.67991871596314;0.9318709939252585;0.10428406088612974;10.716073770774528;57
0.390029758;8.08785643405281;0.8247155859135091;0.0;8.91257201996632;48
0.389705747;6.948734320932999;0.8054938879795372;0.10273550101555884;7.856963709928095;41
0.389700502;7.592633723979816;0.8266972680576146;0.0;8.41933099203743;45
0.380092263;8.396350505994633;0.8828951469622552;0.05454690591432154;9.33379255887121;50
0.380065501;7.239126978907734;0.8511373959481716;0.022874214919283986;8.11313858977519;43
0.380017012;9.580943407025188;0.8160832619760185;0.0;10.397026669001207;57
0.379723012;6.945799804059789;0.8039841048885137;0.10073840408585966;7.850522313034162;41
0.37968576;6.880535871023312;0.8684823429211974;0.04009311902336776;7.789111332967877;41
0.370096505;7.09013706096448;0.8194770240224898;0.0;7.90961408498697;42
0.370079011;6.418645723024383;0.8991012850310653;0.07045806711539626;7.388205075170845;38
0.370032251;9.58710690191947;0.8329383190721273;0.004261225927621126;10.424306446919218;57
0.369755;6.744170828955248;0.8748987400904298;0.04797232197597623;7.667041891021654;40
0.369646251;6.92684139800258;0.9098647800274193;0.08130660909228027;7.918012787122279;41
0.36006099;6.164711412042379;0.9061000789515674;0.07707132794894278;7.14788281894289;37
0.360020489;6.537351913983002;0.8932758439332247;0.06414267397485673;7.494770431891084;39
0.359996259;6.984305419959128;0.8491145800799131;0.02003284706734121;7.853452847106382;42
0.359750241;6.750738221919164;0.8658250260632485;0.03703545895405114;7.653598706936464;40
0.359611511;5.695622843923047;0.7975042469333857;0.09328178805299103;6.586408878909424;34
0.350077242;5.667799775023013;0.907766287913546;0.07813527202233672;6.653701334958896;34
0.350023001;6.4062410679180175;0.9168844239320606;0.08741237805224955;7.410537869902328;38
0.349911511;6.4518333410378546;0.8185706969816238;0.0;7.270404038019478;38
0.349797249;6.082184971077368;0.8330099529121071;0.0038819441106170416;6.919076868100092;36
0.349661261;5.727568656904623;0.8542937280144542;0.02485274407081306;6.60671512898989;34
0.3400985;4.912391287973151;0.91093037603423;0.08092469698749483;5.904246360994875;29
0.339983761;5.214841255918145;0.8336742259562016;0.003752618096768856;6.052268099971116;31
0.339975238;6.390338324010372;0.8851406848989427;0.055055713979527354;7.330534722888842;38
0.339772254;5.984704829985276;0.8573715379461646;0.027190170949324965;6.869266538880765;36
0.339738756;5.521625413093716;0.8774630420375615;0.047413982916623354;6.446502438047901;33
0.330181003;4.943684835918248;0.8146750389132649;0.0;5.758359874831513;29
0.330020487;4.857407049974427;0.8475959710776806;0.01720695709809661;5.722209978150204;29
0.329913735;5.5814854360651225;0.8294122009538114;0.0;6.410897637018934;33
0.329730511;6.031128613976762;0.9200557789299637;0.08957691793330014;7.0407613108400255;36
0.329688996;5.529126241104677;0.8987227610778064;0.06812080601230264;6.495969808194786;33
0.320273012;4.8486444260925055;0.8475980220828205;0.01675245608203113;5.712994904257357;29
0.320066988;4.758846919052303;0.8805952190887183;0.04941916698589921;5.68886130512692;28
0.319893986;5.146505781915039;0.8920511989854276;0.061117535922676325;6.099674516823143;31
0.31972;5.987514717970043;0.8619848780799657;0.03110300889238715;6.880602604942396;36
0.319679737;4.731802589958534;0.8615471839439124;0.030451891012489796;5.623801664914936;28
0.310185254;4.589172797976062;0.8567312241066247;0.02542117005214095;5.471325192134827;27
0.310111254;4.276529568945989;0.8950952019076794;0.06384620210155845;5.235470972955227;25
0.309929758;5.14373502205126;0.8930678109172732;0.06150926509872079;6.098312098067254;31
0.309759259;4.745624329894781;0.8649726659059525;0.033364783972501755;5.643961779773235;28
0.309691012;5.9486029599793255;0.837196395965293;0.005607656901702285;6.791407012846321;36
0.300212502;4.2440533000044525;0.8569343700073659;0.025030022021383047;5.1260176920332015;25
0.300062239;5.150878007058054;0.9156445499975234;0.08382085408084095;6.150343411136419;31
0.300058246;3.8886705129407346;0.8851605989038944;0.05356054590083659;4.827391657745466;23
0.299658;4.552588783903047;0.9327358929440379;0.10066995094530284;5.585994627792388;27
0.299597263;5.988413928076625;0.8594850550871342;0.027455681934952736;6.875354665098712;36
0.290192008;3.7700680820271373;0.9171005850657821;0.084419280057773;4.771587947150692;23
0.290080488;4.836258413037285;0.8405580099206418;0.008147639920935035;5.684964062878862;29
0.290062249;3.9007998548913747;0.9118456849828362;0.07936434005387127;4.892009879928082;23
0.289650261;4.052857196889818;0.9473630760330707;0.0;5.000220272922888;24
0.289629251;4.490137330023572;0.8573850269895047;0.02485050307586789;5.372372860088944;27
0.280214489;3.549216554965824;0.9142197240144014;0.08144988608546555;4.544886165065691;21
0.280089259;3.4996765730902553;0.8643022649921477;0.031335928943008184;4.395314767025411;21
0.280000508;3.7784174939151853;0.9025869320612401;0.06960230506956577;4.750606731045991;23
0.27970776;4.063945275964215;0.8158474690280855;0.0;4.879792744992301;24
0.279583007;4.506141339894384;0.8734003850258887;0.04042950295843184;5.419971227878705;27
0.270262748;3.341220957925543;0.8392152450978756;0.005603814963251352;4.18604001798667;20
0.270145237;3.571279861032963;0.8045815080404282;0.0961655171122402;4.472026886185631;21
0.270035505;3.864938980899751;0.8519193229731172;0.018592664040625095;4.7354509679134935;23
0.269740492;3.8235263330861926;0.8100055360700935;0.1013903550338;4.734922224190086;23
0.269488007;3.8355760199483484;0.8290889030322433;0.0;4.664664922980592;23
0.260206997;3.339531420962885;0.8348227050155401;0.0010491979774087667;4.175403323955834;20
0.26014626;3.486408968921751;0.8455542561132461;0.01140706310980022;4.343370288144797;21
0.260094255;3.8096759389154613;0.9279826181009412;0.09395439806394279;4.831612955080345;23
0.25979799;3.8925136500038207;0.8886466640979052;0.054537728894501925;4.835698042996228;23
0.259463012;3.8226041360758245;0.815894918050617;0.0;4.6384990541264415;23
0.250221997;2.953738603973761;0.8203877569176257;0.0;3.774126360891387;18
0.250160754;3.346617703093216;0.8477101989556104;0.013266732916235924;4.207594634965062;20
0.250067741;3.317658891901374;0.8193462700583041;0.0;4.137005161959678;20
0.249866247;3.3495591110549867;0.8441092451103032;0.009473426965996623;4.2031417831312865;20
0.249460995;3.8181117710191756;0.8093596170656383;0.0996049758978188;4.727076363982633;23
0.240180507;3.386446743970737;0.8884217219892889;0.05354725709185004;4.328415723051876;20
0.240154743;3.039567813044414;0.9138280220795423;0.07844938198104501;4.031845217105001;18
0.240063503;3.353932711062953;0.8479636360425502;0.01279687904752791;4.214693226153031;20
0.239850998;3.2665932080708444;0.8914055919740349;0.05627223802730441;4.214271038072184;20
0.2394135;3.46442109788768;0.8291488389950246;0.0;4.2935699368827045;21
0.230158493;2.9746486679650843;0.8381410790607333;0.002493948908522725;3.8152836959343404;18
0.230127245;3.315402464941144;0.7926593211013824;0.08190367300994694;4.189965459052473;20
0.230118245;3.3235485069453716;0.8109483290463686;0.10008373996242881;4.234580575954169;20
0.229851499;3.1295471999328583;0.8590631359256804;0.023283998016268015;4.011894333874807;19
0.229400247;3.360315159894526;0.8398773840162903;0.004231349099427462;4.204423893010244;20
0.220199749;3.0652839669492096;0.7984533701092005;0.08734825695864856;3.9510855940170586;18
0.220114246;3.2597422569524497;0.8830501199699938;0.046851380029693246;4.189643756952137;20
0.220087498;3.2674973350949585;0.8924435758963227;0.05624108295887709;4.216181993950158;20
0.219872743;2.967590247048065;0.8303573210723698;0.0;3.797947568120435;18
0.219538003;3.2941048950888216;0.9073873891029507;0.07090662699192762;4.2723989111837;20
0.210268006;2.3630238780751824;0.8586713680997491;0.021749652922153473;3.243444899097085;14
0.210098997;2.82492821989581;0.8083077620249242;0.09630546206608415;3.729541443986818;17
0.210039243;2.9713746330235153;0.8389470539987087;0.002036741003394127;3.812358428025618;18
0.209781244;2.985572064993903;0.8430102251004428;0.006023351103067398;3.834605641197413;18
0.209521502;2.6991801850963384;0.8149139950983226;0.0;3.514094180194661;16
0.20032075;2.5405688229948282;0.8917832309380174;0.05442404490895569;3.4867760988418013;15
0.200102493;2.858589320909232;0.8360484940931201;0.0;3.694637815002352;17
0.199922994;3.02313012490049;0.8783471148926765;0.041045844089239836;3.9425230838824064;18
0.199818;2.933106825919822;0.9126391729805619;0.07551937992684543;3.921265378827229;18
0.19948025;2.6095302959438413;0.8444087409880012;0.006967277964577079;3.4609063148964196;16
0.190356493;2.454338608076796;0.8032756829634309;0.09036054601892829;3.347974837059155;15
0.190107495;2.848433766979724;0.8239975930191576;0.0;3.672431359998882;17
0.189908996;2.9681945599149913;0.8170859420206398;0.0;3.785280501935631;18
0.189769998;2.488352688960731;0.8267549038864672;0.0;3.3151075928471982;15
0.189538255;2.6393381049856544;0.8505868909414858;0.012750595109537244;3.5026755910366774;16
0.180291757;2.1904838311020285;0.7908414830453694;0.0775492200627923;3.05887453421019;13
0.180138007;2.7323230949696153;0.829920259071514;0.0;3.5622433540411294;17
0.179908007;2.171308794990182;0.89745042193681;0.058875567978248;3.12763478490524;13
0.179836005;2.4641075069084764;0.7956597430165857;0.08289233292452991;3.342659582849592;15
0.179633006;2.2862943690270185;0.8756322890985757;0.03690715692937374;3.198833815054968;14
0.170265257;2.1529087210074067;0.8673013369552791;0.02821476594544947;3.0484248239081353;13
0.170199007;2.7385370701085776;0.8258927359711379;0.0;3.5644298060797155;17
0.169964254;2.1725989640690386;0.898998400894925;0.05979858711361885;3.1313959520775825;13
0.169810757;2.1184468211140484;0.8289276340510696;0.0;2.947374455165118;13
0.169618502;2.0610320949926972;0.9019692419096828;0.06295667705126107;3.025958013953641;12
0.160315752;2.1626833530608565;0.8655695109628141;0.025785288074985147;3.0540381520986557;13
0.160209998;2.3405918390490115;0.7934035051148385;0.07857904094271362;3.2125743851065636;14
0.1599655;1.9703875209670514;0.8019913560710847;0.08723160903900862;2.8596104860771447;12
0.159741998;2.1348510400857776;0.8343648740556091;0.0;2.9692159141413867;13
0.1596165;2.0419609709642828;0.8697672670241445;0.030092953937128186;2.9418211919255555;12
0.150373757;1.9888460258953273;0.8097250440623611;0.0944836949929595;2.893054764950648;12
0.150176004;2.2609125450253487;0.8454396750312299;0.00507763703353703;3.1114298570901155;14
0.14991425;1.8506099469959736;0.8041247150395066;0.08903422788716853;2.7437688899226487;11
0.149725243;2.1239307280629873;0.824291487922892;0.0;2.9482222159858793;13
0.149572507;1.9628149829804897;0.7979365030769259;0.08263248996809125;2.843383976025507;12
0.14034225;1.9800127448979765;0.7919328899588436;0.07605176488868892;2.847997399745509;12
0.140148506;2.3266137870959938;0.7551072749774903;0.03936329111456871;3.1210843531880528;14
0.139905244;1.7525449530221522;0.8074038031045347;0.09138869191519916;2.651337448041886;11
0.139773995;1.9601098978891969;0.7694260571151972;0.05347307492047548;2.7830090299248695;12
0.139544755;1.7930348101072013;0.8570802928879857;0.01616862090304494;2.666283723898232;11
0.130320996;1.9272152699995786;0.8161964889150113;0.0;2.74341175891459;12
0.1301305;2.2609879691153765;0.7714327480643988;0.05491818790324032;3.0873389050830156;14
0.129855752;1.773460027994588;0.7884219330735505;0.0723354381043464;2.634217399172485;11
0.129764006;1.623850496020168;0.7740365040954202;0.057714070891961455;2.4556010710075498;10
0.129496753;1.8042561889160424;0.8192978659644723;0.0;2.6235540548805147;11
0.120208748;1.922598758013919;0.8197164770681411;0.0;2.74231523508206;12
0.120033003;1.8109416959341615;0.8348171568941325;0.0;2.645758852828294;11
0.119827248;1.815021320944652;0.7330063860863447;0.016045923111960292;2.564073630142957;11
0.119823247;1.708505559945479;0.7396661250386387;0.022817698074504733;2.4709893830586225;10
0.119558498;1.8045402029529214;0.8269374161027372;0.0;2.6314776190556586;11
0.110219501;1.5568486189004034;0.8288715588860214;0.0;2.3857201777864248;9
0.109963;1.8082199790515006;0.8382266419939697;0.0;2.6464466210454702;11
0.109935001;1.681115364888683;0.8360086970496923;0.0;2.5171240619383752;10
0.109820001;1.5071161179803312;0.786547068040818;0.06908451998606324;2.3627477060072124;9
0.109633498;1.814635386923328;0.703457463067025;0.0;2.518092849990353;11
0.10011775;1.4486421330366284;0.6817273609340191;0.08851395500823855;2.218883448978886;9
0.0999794975;1.6715840839315206;0.7749336711131036;0.0568859800696373;2.5034037351142615;10
0.0998887494;1.5979951969347894;0.70124281803146;0.0;2.2992380149662495;10
0.0997745022;1.3354816890787333;0.6881706709973514;0.0;2.0236523600760847;8
0.0996647477;1.753637535031885;0.7215598339680582;0.003303036093711853;2.478500405093655;11
0.0900627524;1.299101622076705;0.7754240629728884;0.056656910106539726;2.131182595156133;8
0.0900340006;1.4077724490780383;0.7509770190808922;0.03237253800034523;2.1911220061592758;9
0.0899242535;1.2596604679711163;0.733998574083671;0.015407066093757749;2.009066108148545;8
0.0897739977;1.3819392919540405;0.7232934830244631;0.004859953885897994;2.1100927288644016;8
0.0896520019;1.2808134679216892;0.7496873820200562;0.03126685810275376;2.061767708044499;8
0.0801419988;1.3446132140234113;0.7162146780174226;0.0;2.060827892040834;8
0.0800197497;1.453745563980192;0.6959440759383142;0.0;2.149689639918506;9
0.0799724981;1.3340441870968789;0.6966061349958181;0.0;2.030650322092697;8
0.0798077509;1.3332735379226506;0.7011657929979265;0.0;2.034439330920577;8
0.0796772465;1.1831194760743529;0.8031375450082123;0.08392790192738175;2.070184923009947;7
0.0701320022;1.314784696092829;0.6858369610272348;0.09106458793394268;2.0916862450540066;8
0.0700360015;1.02021126402542;0.7659438468981534;0.04631762905046344;1.8324727399740368;6
0.0699369982;1.0975919130723923;0.7089548220392317;0.0;1.806546735111624;7
0.0698292479;1.2545300249475986;0.7397820700425655;0.019896030891686678;2.0142081258818507;8
0.0697757527;1.152635649079457;0.7592979369219393;0.03967213910073042;1.9516057251021266;7
0.060182251;1.054144623922184;0.7517655859701335;0.03151197195984423;1.8374221818521619;6
0.0600549988;1.0400307970121503;0.7369483390357345;0.016507647931575775;1.7934867839794606;6
0.059974499;1.147874457994476;0.7260534029919654;0.0056756960693746805;1.879603557055816;7
0.0599539988;1.3567581879906356;0.6834857729263604;0.08820108789950609;2.128445048816502;8
0.0598075017;1.2218367860186845;0.6809068329166621;0.08574908599257469;1.9884927049279213;7
0.0501599982;0.9837117360439152;0.6972665309440345;0.0;1.6809782669879496;6
0.0499790013;1.0259002400562167;0.7403779120650142;0.019494418054819107;1.78577257017605;6
0.0499394983;1.0107448170892894;0.7130212909542024;0.0;1.7237661080434918;6
0.0498727486;1.0004992519970983;0.7079899660311639;0.0;1.7084892180282623;6
0.0498587489;0.9010571679100394;0.7360650349874049;0.015451465966179967;1.6525736688636243;5
0.0401677489;0.8958546430803835;0.70982327288948;0.0;1.6056779159698635;5
0.0400437489;0.8204784719273448;0.6375167379155755;0.04110133810900152;1.4990965479519218;5
0.0400254987;0.9826384040061384;0.6693778000771999;0.07299643289297819;1.7250126369763166;6
0.0399417505;0.8641410840209574;0.6767247910611331;0.0803113670554012;1.6211772421374917;5
0.0398730002;0.7896404480561614;0.7275578160770237;0.006143754115328193;1.5233420182485133;5
0.0301454999;0.8901480589993298;0.6735771270468831;0.07664271793328226;1.6403679039794952;5
0.0300287493;0.8603011339437217;0.6441741690505296;0.04719891492277384;1.551674217917025;5
0.0300237499;1.0520730300340801;0.7061480090487748;0.0;1.758221039082855;6
0.0299637504;0.8296513329260051;0.6213676109910011;0.024424503091722727;1.475443447008729;5
0.0298824999;0.7947204809170216;0.7114904520567507;0.0;1.5062109329737723;5
0.0200932492;0.7158812389243394;0.6057348430622369;0.008039481937885284;1.3296555639244616;4
0.0200635009;0.6395217420067638;0.6576003199443221;0.05994345690123737;1.3570655188523233;4
0.0199902505;0.746685606893152;0.6362247581128031;0.038435020949691534;1.4213453859556466;4
0.0199695006;0.7318601999431849;0.6201454470865428;0.022362556075677276;1.374368203105405;4
0.0199532509;0.6623342740349472;0.6810143638867885;0.08353370893746614;1.4268823468592018;4
0.0100384997;0.6578733159694821;0.6395637618843466;0.04107725992798805;1.3385143377818167;4
0.0100297499;0.6825382069218904;0.6663024548906833;0.06792102195322514;1.4167616837657988;4
0.0099940002;0.5590180950239301;0.6639070839155465;0.06538148690015078;1.2883066658396274;3
0.00999299996;0.4824934450443834;0.5967221909668297;0.0;1.079215636011213;3
0.00998274982;0.6604643929749727;0.6424945390317589;0.0441189119592309;1.3470778439659625;4
